Individual_mouse,Latitude,Longtitude,Sex,HI,Hymenolepis,Taenia,Rodentolepis,Mesocestoides,Calodium,Mastophorus,Trichuris,Heterakis,Aspiculuris+Syphacia
1,50.2591666667,13.3533333333,F,0.020581973,0,0,0,0,0,0,0,0,0
2,50.2591666667,13.3533333333,M,0.027096302,0,0,0,0,0,0,0,0,1
3,50.1494444444,13.2308333333,F,0.032647268,0,0,0,0,0,1,0,0,415
4,50.2216666667,13.3741666667,M,0.026026393,0,0,0,0,0,0,0,0,245
5,50.1772222222,13.2925,F,0.028449502,0,0,0,0,0,0,0,0,160
6,50.1772222222,13.2925,M,0.027452416,0,0,0,2,1,0,27,0,116
7,50.1494444444,13.2308333333,M,0.031135531,0,0,0,0,0,0,0,0,137
8,50.0963888889,12.4713888889,M,0.257766272,0,0,1,0,0,1,1,0,13
9,50.2591666667,13.3533333333,M,0.024908425,0,0,0,0,0,0,0,0,0
10,50.1377777778,12.3902777778,M,0.560912771,0,0,0,4,0,12,0,0,23
11,50.0963888889,12.4713888889,M,0.230853793,0,0,0,0,0,0,0,0,19
12,50.1188888889,12.3038888889,M,0.807494489,0,0,0,0,0,0,0,0,7
13,50.1377777778,12.3902777778,F,0.600570613,0,0,0,0,0,0,0,0,9
14,50.1377777778,12.3902777778,F,0.593147752,0,0,0,10,0,24,0,0,9
15,50.1377777778,12.3902777778,F,0.543540328,0,0,0,0,0,0,0,0,2
16,50.1377777778,12.3902777778,F,0.66975089,0,0,0,0,0,0,0,0,0
17,50.1188888889,12.3038888889,M,0.804323928,0,0,0,0,0,0,0,0,0
18,50.1947222222,11.4375,F,0.986515259,0,0,0,0,0,0,0,2,20
19,50.1947222222,11.4375,M,0.985729967,0,0,0,0,0,0,0,0,61
20,50.0155555556,12.5513888889,M,0.072161172,0,0,0,0,0,0,0,0,0
21,50.0155555556,12.5513888889,F,0.045551601,0,0,0,0,0,0,0,0,31
22,50.0963888889,12.4713888889,M,0.216483516,0,0,1,0,0,0,0,0,1
23,50.0963888889,12.4713888889,F,0.218304843,0,0,0,0,0,0,0,0,0
24,50.1494444444,13.2308333333,M,0.030358449,0,0,0,0,0,0,0,0,38
25,50.1044444444,12.4841666667,F,0.214488636,0,0,0,0,0,3,1,0,0
26,50.2161111111,13.3066666667,M,0.021237642,0,0,0,0,0,0,44,0,0
27,50.2161111111,13.3066666667,F,0.023082386,0,0,0,0,0,0,0,0,17
28,50.2161111111,13.3066666667,M,0.023451814,0,0,0,0,0,0,23,0,9
29,50.1044444444,12.4841666667,F,0.166312057,0,0,0,0,0,0,0,0,0
30,50.0963888889,12.4713888889,M,0.215491924,0,0,0,0,0,0,0,0,103
31,50.2216666667,13.3741666667,F,0.026278409,0,0,0,0,0,0,0,0,0
32,50.1494444444,13.2308333333,F,0.032292406,0,0,0,0,0,0,0,0,115
33,50.1044444444,12.4841666667,F,0.213068182,0,0,0,0,0,0,0,0,0
34,50.0755555556,11.5747222222,M,0.989747345,0,0,0,0,0,0,0,0,0
35,50.1669444444,11.6625,F,0.986150568,0,0,0,0,0,0,0,0,0
36,50.1494444444,13.2308333333,M,0.033284565,0,0,0,0,0,0,0,0,50
37,50.0247222222,12.5591666667,F,NA,0,0,0,0,0,0,0,0,0
38,50.1188888889,12.3038888889,M,0.803892765,0,0,0,0,0,0,0,0,0
39,50.1669444444,11.6625,F,0.987943262,0,0,0,0,0,0,0,0,0
40,50.1083333333,13.0325,M,0.029304029,0,0,0,0,0,0,5,0,21
41,50.1083333333,13.0325,F,0.033759773,0,0,0,0,0,0,0,0,42
42,50.1772222222,13.4325,M,0.021978022,0,0,0,0,0,0,0,0,106
43,50.1772222222,13.4325,F,0.027698864,0,3,0,0,0,0,0,0,132
44,50.1083333333,13.0325,M,0.029022777,0,0,0,0,0,0,2,0,22
45,50.1083333333,13.0325,F,0.032315341,0,0,0,0,0,0,0,0,51
46,50.1155555556,12.4911111111,M,0.175606172,0,0,0,0,0,0,0,0,5
47,50.2161111111,13.3066666667,F,0.026241135,0,0,0,0,0,0,0,0,8
48,50.1155555556,12.4911111111,M,0.182318415,0,0,0,0,0,0,0,0,1
49,50.0963888889,12.4713888889,F,0.213981547,0,0,0,0,0,0,0,0,2
50,50.1402777778,12.2966666667,M,0.704930096,0,0,0,0,0,0,0,0,7
51,50.1619444444,12.3572222222,F,0.797374024,0,0,0,0,0,0,15,3,0
52,50.1619444444,12.3572222222,M,0.795813441,0,0,0,0,0,0,0,1,0
53,50.1619444444,12.3572222222,F,0.797297297,0,0,0,0,0,0,23,8,5
54,50.1619444444,12.3572222222,M,0.788179148,0,0,0,0,0,0,11,0,43
55,50.0155555556,12.5513888889,F,0.044744318,0,0,0,0,0,0,0,0,0
56,50.1044444444,12.4841666667,M,0.217709477,0,0,0,0,0,0,0,0,0
57,50.1155555556,12.4911111111,F,0.175071023,0,0,0,0,0,0,0,0,0
58,50.1144444444,12.4702777778,M,0.161904762,0,0,0,0,0,0,0,0,20
59,50.1144444444,12.4702777778,F,0.256574271,0,0,0,0,0,0,0,0,2
60,50.1144444444,12.4702777778,M,0.245973646,0,0,0,0,0,0,0,0,0
61,50.1144444444,12.4702777778,F,0.216062544,0,0,7,0,0,0,0,0,1
62,50.0155555556,11.5769444444,M,0.989019034,0,1,3,0,0,3,0,0,84
63,49.8913888889,11.6461111111,F,0.986486486,0,0,0,0,0,1,0,0,43
64,49.855,11.7861111111,M,0.978380359,0,0,0,0,0,6,0,0,87
65,49.855,11.7861111111,F,0.977240398,0,0,18,0,0,0,0,0,18
66,50.1197222222,12.2502777778,M,0.855045872,0,0,0,0,0,0,0,0,15
67,50.1197222222,12.2502777778,F,0.856685633,0,0,0,0,0,0,0,0,5
68,50.1211111111,13.0497222222,M,0.030047636,0,0,0,0,0,0,0,0,71
69,50.1211111111,13.0497222222,F,0.030561478,0,0,0,0,0,0,0,0,33
70,50.1486111111,13.1733333333,M,0.030859662,0,0,0,0,0,0,0,0,29
71,50.1486111111,13.1733333333,F,0.028053977,0,0,0,0,0,0,0,0,626
72,50.1058333333,12.3975,M,0.357535754,0,0,0,0,0,0,0,0,9
73,50.1058333333,12.3975,F,0.315078236,0,0,0,0,0,0,0,0,15
74,50.1058333333,12.3975,M,0.345168375,0,0,0,0,0,0,0,2,3
75,50.1058333333,12.3975,F,0.347826087,0,0,0,0,0,0,0,0,0
76,49.8913888889,11.6461111111,F,0.986505682,0,0,0,0,0,0,0,0,0
77,49.9280555556,11.7819444444,F,0.976529161,0,1,0,0,0,0,0,0,57
78,49.8908333333,11.6177777778,F,0.984708393,0,0,0,0,0,0,2,0,5
79,49.8908333333,11.6177777778,F,0.983262108,0,2,0,0,0,0,6,0,59
80,50.1641666667,12.4311111111,M,NA,0,0,0,0,0,0,0,0,0
81,50.1813888889,11.7622222222,F,0.981165601,0,0,0,0,0,0,0,0,1
82,50.1925,12.3936111111,M,0.619188192,0,0,0,0,0,0,0,0,1
83,50.1197222222,12.2502777778,F,0.858156028,0,0,0,0,0,0,0,0,5
84,49.8913888889,11.6461111111,M,0.986451849,0,0,0,0,0,0,1,0,1
85,50.1947222222,11.4375,F,0.985085227,1,0,0,36,0,0,0,1,5
86,50.1669444444,11.6625,F,0.986515259,0,0,0,0,0,0,0,0,0
87,50.1402777778,12.2966666667,F,0.685014205,0,0,0,0,0,0,0,0,291
88,50.1516666667,12.5319444444,M,0.193240265,0,0,0,0,0,0,0,0,195
89,50.1516666667,12.5319444444,F,0.178495387,0,0,0,0,0,0,0,0,76
90,50.1516666667,12.5319444444,M,0.233870968,0,0,0,0,0,0,0,0,52
91,50.1516666667,12.5319444444,F,0.162642045,0,0,0,0,0,0,0,0,31
92,50.1144444444,12.4702777778,M,0.358559882,0,0,0,0,0,0,0,0,0
93,50.0597222222,12.4205555556,F,0.267755682,0,0,0,0,0,0,0,0,12
94,50.0133333333,12.2577777778,M,0.914893617,0,0,7,0,0,9,0,0,3
95,50.0133333333,12.2577777778,F,0.919159544,0,0,19,0,0,0,1,0,56
96,50.0877777778,12.1344444444,M,0.947058824,0,0,0,0,0,0,0,0,0
97,50.0880555556,12.1344444444,F,0.95056899,0,1,0,0,0,0,0,0,25
98,50.1019444444,12.2127777778,M,0.913489736,0,0,0,0,0,9,0,0,122
99,50.1775,12.4205555556,F,0.785003554,0,0,0,0,0,0,75,0,19
100,50.1813888889,11.7622222222,M,0.981270657,0,0,0,0,0,0,0,0,9
101,50.1019444444,12.2127777778,F,0.901633523,0,0,0,0,0,41,173,0,0
102,50.1947222222,11.4375,M,0.987184182,0,0,0,0,0,0,2,0,32
103,50.1925,12.3936111111,F,0.815826828,0,0,0,0,0,0,0,0,57
104,50.1813888889,11.7622222222,M,0.980614484,0,0,0,0,0,0,13,0,225
105,50.0880555556,12.1344444444,F,0.953125,0,0,0,0,0,0,0,0,25
106,50.1491666667,12.5066666667,M,0.131376147,0,0,0,0,0,0,0,0,17
107,50.1019444444,12.2127777778,F,0.911450925,0,0,0,0,0,0,0,0,190
108,50.0597222222,12.4205555556,M,0.406605505,0,0,0,0,0,0,0,0,75
109,50.1061111111,12.3613888889,M,0.503308824,0,0,0,0,0,0,0,0,0
110,49.8908333333,11.6177777778,M,0.982726939,0,0,0,0,0,0,0,0,16
111,50.1019444444,12.2127777778,F,0.901918977,0,0,0,0,0,0,28,0,42
112,50.0433333333,12.4486111111,M,0.226637233,0,0,0,0,0,0,0,0,4
113,50.0597222222,12.4205555556,F,0.309472934,0,0,0,0,0,0,0,0,15
114,50.1216666667,12.2322222222,M,0.890436057,0,0,0,0,0,0,0,0,0
115,50.1061111111,12.3613888889,F,0.531473534,0,0,0,0,0,0,0,0,0
116,49.855,11.7861111111,M,0.978316795,0,0,0,0,0,0,0,0,42
117,50.1061111111,12.3613888889,F,0.594932191,0,0,0,0,0,0,0,0,0
118,49.9280555556,11.7819444444,M,0.976173021,0,0,0,0,0,0,0,0,19
119,50.1402777778,12.2966666667,F,0.701067616,0,0,0,0,0,0,0,0,100
120,49.8908333333,11.6177777778,M,0.985688073,0,0,0,0,0,0,2,0,3
121,49.9280555556,11.7819444444,F,0.976933996,0,42,0,0,0,0,0,0,247
122,50.1372222222,11.7627777778,M,0.986090776,0,0,3,0,0,8,0,0,44
123,50.0347222222,12.2830555556,F,0.897719173,0,0,0,0,0,0,0,0,54
124,50.1925,12.3936111111,M,0.825974982,0,0,0,0,0,0,4,0,6
125,49.9280555556,11.7819444444,F,0.978322672,0,0,0,0,0,0,1,0,10
126,49.8961111111,12.4527777778,M,0.857456944,0,5,0,0,0,0,0,0,2
127,50.1925,12.4725,F,0.737384506,0,0,0,0,0,0,0,0,0
128,50.1061111111,12.3613888889,M,0.565105127,0,0,0,0,0,0,0,0,0
129,50.1813888889,11.7622222222,F,0.980427046,0,1,3,0,0,1,8,0,4
130,50.0691666667,13.3841666667,M,0.03147877,6,2,0,0,0,0,3,0,21
131,50.1925,12.3936111111,F,0.836292614,0,0,0,0,0,0,0,0,9
132,50.0691666667,13.3841666667,M,0.030380673,0,0,0,0,0,0,2,0,8
133,50.0691666667,13.3841666667,F,0.032292406,0,0,2,0,0,0,6,0,35
134,50.2038888889,12.5186111111,M,0.171869262,0,0,0,0,0,0,0,0,13
135,50.2038888889,12.5186111111,F,0.106254442,0,0,0,0,0,0,0,0,17
136,50.2038888889,12.5186111111,M,0.115835777,0,0,0,0,0,0,0,0,7
137,50.2038888889,12.5186111111,F,0.116014235,0,0,0,0,0,0,0,0,21
138,50.1061111111,12.3613888889,M,0.65987165,0,0,0,0,0,0,0,0,0
139,50.0347222222,12.2830555556,F,0.896797153,0,1,2,0,0,0,0,0,18
140,50.1925,12.4725,M,0.784090909,0,0,0,0,0,0,0,0,0
141,50.1925,12.4725,F,0.689679715,0,0,0,0,0,0,0,0,0
142,50.1775,12.4205555556,M,0.827269386,0,0,0,0,0,0,1,0,2
143,50.1775,12.4205555556,F,0.731481481,0,0,0,0,0,0,0,0,157
144,50.2161111111,12.5347222222,M,0.087179487,0,0,0,0,0,2,0,0,137
145,50.2161111111,12.5347222222,F,0.081734186,0,0,0,0,0,0,0,0,174
146,49.9066666667,12.425,M,0.859713551,0,0,0,0,0,0,0,0,1
147,50.0433333333,12.4486111111,F,0.126865672,0,0,0,0,0,0,0,0,26
148,50.2116666667,12.5794444444,M,0.086813187,0,0,0,0,0,0,0,0,38
149,50.22,12.4433333333,F,0.823863636,0,0,0,0,0,0,0,0,0
150,50.1947222222,11.4375,F,0.985095813,0,0,0,0,0,0,10,0,7
151,50.1775,12.4205555556,F,0.704900568,0,0,0,0,0,0,15,0,28
152,50.1372222222,11.7627777778,F,0.985450674,0,1,0,0,0,0,76,0,20
153,49.8908333333,11.6177777778,M,0.984208593,0,0,0,0,0,0,3,0,23
154,49.995,12.5908333333,F,0.040838068,0,0,0,0,0,0,0,0,96
155,50.0783333333,11.9233333333,M,0.965921583,0,0,0,0,0,0,1,0,13
156,50.13,12.6186111111,F,0.14957265,0,0,0,0,0,0,0,0,96
157,50.13,12.6186111111,M,0.123809524,0,0,0,0,0,0,0,0,0
158,50.1186111111,11.9166666667,F,0.978338068,0,1,0,0,0,0,0,0,4
159,50.1186111111,11.9166666667,M,0.975815317,0,1,0,0,0,0,3,0,142
160,50.1186111111,11.9166666667,F,0.981902058,0,0,2,0,0,0,4,0,2
161,50.1186111111,11.9166666667,M,0.981346013,0,1,0,0,0,0,0,0,22
162,50.1641666667,12.4311111111,F,0.373751783,0,0,0,0,0,0,0,0,0
163,50.2116666667,12.5794444444,M,0.08101173,0,0,0,0,0,0,0,0,247
164,50.1402777778,12.2966666667,F,0.724518888,0,0,0,0,0,0,0,0,33
165,50.1591666667,12.4583333333,M,0.190091743,0,0,0,1,0,0,0,0,0
166,50.1947222222,11.4375,F,0.984363895,0,0,0,0,0,0,4,0,21
167,49.8961111111,12.4527777778,M,0.853146853,0,0,2,0,0,2,0,0,0
168,49.8908333333,11.6177777778,F,0.98113879,0,0,0,0,0,0,42,0,0
169,50.1402777778,12.2966666667,M,0.697614679,0,0,0,0,0,0,0,0,167
170,49.8908333333,11.6177777778,F,0.98463188,0,0,0,0,0,0,4,0,1
171,49.8908333333,11.6177777778,F,0.985053381,0,0,0,0,0,0,0,0,3
172,50.1402777778,12.2966666667,M,0.693660682,0,0,0,0,0,0,0,0,15
173,50.13,12.6186111111,M,0.142070485,0,0,0,0,0,0,0,0,0
174,50.13,12.6186111111,F,0.138434164,0,0,0,0,0,0,1,0,3
175,50.0502777778,13.3252777778,M,0.030724214,0,0,0,0,0,14,0,0,340
176,50.22,12.4433333333,M,0.848041011,0,0,0,0,0,0,0,0,0
177,50.0502777778,13.3252777778,F,0.028034067,0,0,0,0,0,15,0,0,523
178,49.9066666667,12.425,M,0.866104182,0,0,0,0,0,0,0,0,21
179,50.0502777778,13.3252777778,F,0.030120482,0,0,0,0,0,1,0,0,NA
180,50.2883333333,12.4836111111,M,0.893328446,0,0,0,0,0,0,0,0,28
181,50.2022222222,12.4294444444,F,0.761565836,0,0,0,0,0,0,0,0,0
182,50.0597222222,12.3491666667,M,0.642333089,0,0,0,0,0,0,0,0,44
183,49.9066666667,12.425,M,0.87049301,0,0,0,0,0,3,0,0,12
184,50.1186111111,11.9166666667,F,0.980837473,0,0,0,0,0,0,0,0,53
185,50.0691666667,13.3841666667,F,0.034421576,0,1,0,0,0,0,0,0,190
186,49.9066666667,12.425,M,0.861549761,0,0,0,0,0,0,1,0,12
187,50.1813888889,11.7622222222,F,0.98012775,0,2,0,0,0,0,2,0,29
188,49.9066666667,12.425,M,0.864388093,0,0,0,0,0,0,0,0,0
189,49.8913888889,11.6461111111,F,NA,0,0,0,0,0,0,0,0,12
190,50.1186111111,11.9166666667,F,0.979772889,0,0,0,0,0,0,0,0,23
191,50.1402777778,12.2966666667,F,NA,0,0,0,0,0,0,0,0,0
192,49.8908333333,11.6177777778,F,NA,0,0,0,0,0,0,5,0,0
193,50.0111111111,12.8558333333,M,0.046040516,0,0,0,0,0,0,0,0,61
194,50.0111111111,12.8558333333,M,0.042357274,0,0,0,0,0,0,0,0,2
195,50.0111111111,12.8558333333,F,0.039040115,0,0,0,0,0,0,0,0,13
196,50.1186111111,11.9166666667,F,0.975124378,0,0,0,0,0,0,24,0,12
197,50.1186111111,11.9166666667,M,0.973441534,0,2,0,0,0,0,31,0,0
198,50.1908333333,12.4466666667,M,0.850945495,0,0,0,0,0,0,0,0,23
199,50.1186111111,11.9166666667,F,0.9765625,0,11,0,0,0,0,32,0,0
200,50.1147222222,12.4911111111,F,0.198855508,0,0,0,0,0,0,0,0,2
201,50.0877777778,12.1344444444,F,0.949570815,0,0,0,0,0,0,0,0,14
202,50.0111111111,12.8558333333,M,0.03799336,0,0,0,0,0,1,0,0,13
203,50.0111111111,12.8558333333,F,0.041458184,0,0,0,0,0,4,0,0,131
204,50.0111111111,12.8561111111,F,0.038984263,0,0,0,0,0,0,0,0,25
205,50.1186111111,11.9166666667,F,0.97338538,0,0,0,0,0,0,1,0,0
206,50.1186111111,11.9166666667,F,0.973740241,0,0,0,0,0,0,0,0,2
207,50.0502777778,13.3252777778,M,0.027767494,0,0,0,0,0,0,NA,NA,NA
208,50.1772222222,11.8627777778,M,0.981932153,0,0,0,0,0,0,0,0,0
209,50.1813888889,11.7622222222,F,0.977841315,0,2,3,0,0,0,32,0,91
210,49.9436111111,12.7286111111,F,0.038652482,0,0,0,0,0,0,0,0,0
211,50.0111111111,12.8561111111,F,0.039398281,0,0,0,0,0,0,0,0,58
212,50.0111111111,12.8561111111,M,0.035437431,0,0,0,0,0,0,0,0,18
213,50.1083333333,13.0325,M,0.029878274,0,0,0,0,0,0,9,0,0
214,50.1083333333,13.0325,F,0.024320458,0,0,0,0,0,0,21,0,0
215,50.0880555556,12.1286111111,M,0.94893617,0,0,0,0,0,4,0,0,100
216,50.1772222222,11.8627777778,F,0.984978541,0,0,17,0,0,1,0,0,0
217,50.1186111111,11.9166666667,F,0.975159688,0,0,0,0,0,0,11,0,1
218,50.1186111111,11.9166666667,F,0.97405828,0,0,0,0,0,0,1,0,34
219,50.0877777778,12.1344444444,M,0.946824225,0,2,18,0,0,0,0,0,0
220,50.1813888889,11.7622222222,F,0.988214286,0,1,0,0,0,5,3,0,4
221,50.1813888889,11.7622222222,M,0.978252857,0,1,0,0,0,0,9,0,0
222,50.0877777778,12.1344444444,M,0.947932053,0,0,0,0,0,0,0,2,0
223,50.1908333333,12.4466666667,F,0.488555079,0,0,0,0,0,0,0,0,0
224,50.1147222222,12.4911111111,F,0.18692253,0,0,0,0,0,0,0,0,0
225,49.9944444444,13.0538888889,M,0.034304685,0,0,1,0,0,0,0,0,3
226,49.9944444444,13.0538888889,M,0.03651789,0,0,9,0,0,1,0,0,0
227,49.9944444444,13.0538888889,M,0.03799336,0,0,0,0,0,2,0,0,11
228,50.1333333333,12.6119444444,M,0.191348974,0,0,0,0,0,0,0,0,2
229,50.0877777778,12.1344444444,M,0.944977843,0,0,0,0,0,0,0,0,6
230,50.0877777778,12.1344444444,M,0.944998154,0,1,0,0,0,0,0,0,17
231,50.0877777778,12.1344444444,F,0.943133047,0,1,0,0,0,0,0,0,8
232,50.0877777778,12.1344444444,F,0.942816297,0,0,0,0,0,0,0,0,25
233,50.0877777778,12.1344444444,F,0.94527897,0,0,0,0,0,0,0,0,33
234,49.9941666667,13.0530555556,F,0.034001432,0,0,3,0,0,0,0,0,0
235,49.9941666667,13.0530555556,F,0.035714286,0,0,3,0,0,0,0,0,0
236,49.9941666667,13.0530555556,F,0.034359341,0,0,0,0,0,0,0,0,2
237,49.9941666667,13.0530555556,M,0.039439735,0,0,0,0,0,0,0,0,100
238,50.1147222222,12.4911111111,M,0.161408657,0,0,0,0,0,0,0,0,2
239,50.1147222222,12.4911111111,M,0.159940763,0,0,0,0,0,0,0,0,1
240,50.1147222222,12.4911111111,F,0.206576126,0,0,0,0,0,0,0,0,0
241,50.1147222222,12.4911111111,M,0.189648799,0,0,0,0,0,0,0,0,0
242,50.1147222222,12.4911111111,F,0.18204578,0,0,0,0,0,0,0,0,0
243,50.1908333333,12.4466666667,F,0.85182534,0,0,0,0,0,0,0,0,0
244,50.1186111111,11.9166666667,F,0.976207386,0,1,0,0,0,0,0,0,6
245,50.1772222222,11.8627777778,F,0.981402003,0,0,0,0,0,1,0,1,100
246,50.1772222222,11.8627777778,M,0.981932153,0,0,12,0,0,75,0,0,0
247,50.2022222222,12.4294444444,M,NA,0,0,0,0,0,0,0,0,0
248,50.0919444444,12.9422222222,F,0.023979957,0,0,0,0,0,0,24,0,0
249,50.0877777778,12.1344444444,M,0.941306755,0,1,0,0,0,0,0,2,2
250,50.0877777778,12.1344444444,F,0.946800863,0,0,0,0,0,0,1,0,1
251,50.1266666667,12.2338888889,M,0.87056213,0,0,0,0,0,0,0,0,0
252,50.1169444444,12.2561111111,F,0.857808023,0,0,0,0,0,0,0,0,24
253,50.1169444444,12.2561111111,F,0.864091559,0,0,0,0,0,0,0,0,2
254,50.1188888889,12.3038888889,F,0.791606887,0,0,0,0,0,0,0,0,12
255,49.9941666667,13.0530555556,F,0.028949249,0,0,0,0,0,0,0,0,693
256,49.9941666667,13.0530555556,F,0.035,0,0,0,0,0,0,0,0,9
257,49.9941666667,13.0530555556,M,0.034355375,0,0,0,1,0,0,0,0,7
258,50.0919444444,12.9422222222,M,0.027665068,0,0,0,0,0,0,3,0,31
259,50.0919444444,12.9422222222,M,0.028729282,0,0,0,0,0,0,NA,NA,NA
260,50.1516666667,12.5319444444,F,0.28008596,0,0,0,0,0,0,NA,NA,NA
261,50.1516666667,12.5319444444,F,0.227956989,0,0,0,0,0,0,NA,NA,NA
262,50.1516666667,12.5319444444,M,0.221605623,0,0,0,0,0,0,NA,NA,NA
263,50.1147222222,12.4911111111,M,0.183831672,0,0,0,0,0,0,NA,NA,NA
264,50.1516666667,12.5319444444,F,0.246418338,0,0,0,0,0,0,0,0,0
265,50.1772222222,11.8627777778,F,0.978525412,0,0,0,0,0,0,NA,NA,NA
266,50.1772222222,11.8627777778,M,0.981187754,0,0,0,0,0,12,0,0,0
267,50.1772222222,11.8627777778,M,0.981577008,0,0,10,0,0,1,0,0,1
268,50.0113888889,12.3294444444,F,0.030206112,0,0,0,0,0,0,0,0,1
269,50.0597222222,12.4205555556,M,0.457301294,0,0,0,0,0,0,0,2,0
270,50.1097222222,12.9988888889,M,0.029531192,0,0,0,0,0,0,3,0,0
271,50.1147222222,12.4911111111,F,0.159253945,0,0,0,1,0,0,0,0,60
272,50.1147222222,12.4911111111,M,0.174732176,0,0,0,0,0,0,0,0,41
273,50.1147222222,12.4911111111,F,0.177187948,0,0,0,0,0,0,0,0,64
274,50.1147222222,12.4911111111,M,0.182958318,0,0,0,0,0,0,0,0,238
275,50.1147222222,12.4911111111,F,0.189111748,0,0,0,0,0,0,0,0,16
276,50.1188888889,12.3038888889,F,0.816129032,0,0,0,0,0,0,0,0,187
277,50.1188888889,12.3038888889,M,0.807166605,0,0,0,0,0,0,0,0,11
278,50.1188888889,12.3038888889,F,0.799856528,0,0,0,0,0,0,0,0,4
279,50.1188888889,12.3038888889,F,0.780330223,0,0,0,0,0,0,0,0,32
280,50.1188888889,12.3038888889,M,0.809134794,0,0,0,0,0,0,0,0,55
281,50.1188888889,12.3038888889,F,0.788944724,0,0,0,0,0,0,0,0,36
282,50.1188888889,12.3038888889,F,0.803225806,0,0,0,0,0,0,0,0,6
283,50.1188888889,12.3038888889,F,0.827868852,0,0,0,0,0,0,0,0,7
284,50.1188888889,12.3038888889,M,NA,0,0,0,0,0,0,0,0,12
285,50.1188888889,12.3038888889,M,0.784796181,0,0,0,0,0,0,0,0,63
286,50.1188888889,12.3038888889,M,0.806716418,0,0,0,0,0,0,0,0,49
287,50.1188888889,12.3038888889,M,NA,0,0,0,0,0,0,0,0,37
288,50.1188888889,12.3038888889,M,0.79903775,0,0,0,0,0,0,0,0,26
289,50.1188888889,12.3038888889,M,0.800813008,0,0,0,0,0,0,0,0,26
290,50.1188888889,12.3038888889,F,0.792025862,0,0,0,0,0,0,0,0,36
291,50.0919444444,12.9422222222,F,0.029053085,0,0,0,0,0,0,0,0,1
292,50.0919444444,12.9422222222,M,NA,0,0,0,0,0,0,0,0,21
293,50.1188888889,12.3038888889,M,NA,0,0,0,0,0,0,0,0,24
294,50.0919444444,12.9422222222,F,0.027559055,0,0,0,0,0,0,1,0,0
295,50.1169444444,12.2561111111,M,0.857300885,0,0,0,0,0,0,0,0,4
296,50.1169444444,12.2561111111,F,NA,0,0,0,0,0,0,0,0,0
297,50.1169444444,12.2561111111,F,0.867383513,0,0,0,0,0,0,0,NA,73
298,50.1169444444,12.2561111111,F,0.862984218,0,0,0,0,0,0,0,0,24
299,50.1169444444,12.2561111111,M,0.849112426,0,0,0,0,0,0,0,0,110
300,50.1169444444,12.2561111111,M,0.868440503,0,0,0,0,0,0,0,0,25
301,50.1169444444,12.2561111111,M,0.860670844,0,0,0,0,0,0,0,0,26
302,50.1169444444,12.2561111111,M,0.871206514,0,0,0,0,0,0,0,0,173
303,50.1211111111,13.0497222222,M,0.028013269,0,3,5,0,0,0,0,0,542
304,50.1211111111,13.0497222222,M,0.03099631,0,0,0,0,0,0,0,0,142
305,49.9944444444,13.0538888889,F,0.034470505,0,0,9,0,0,0,0,0,42
306,49.9944444444,13.0538888889,F,0.037911302,0,0,0,0,0,0,0,0,10
307,49.9944444444,13.0538888889,M,0.038433382,0,0,0,0,0,0,0,0,67
308,49.9944444444,13.0538888889,M,0.037307974,0,0,7,0,0,0,0,0,78
309,49.9944444444,13.0538888889,M,0.039531479,0,0,0,1,0,0,0,0,347
310,49.9941666667,13.0530555556,M,0.030649926,0,0,0,0,0,0,0,0,119
311,49.9941666667,13.0530555556,F,0.031982942,0,0,0,1,0,0,0,0,110
312,49.9941666667,13.0530555556,M,0.035385182,0,0,0,0,0,0,0,0,18
313,49.9941666667,13.0530555556,M,0.032484312,0,0,0,0,0,0,0,0,194
314,50.0877777778,12.1344444444,M,0.954562246,0,4,0,0,0,0,0,0,33
315,50.0877777778,12.1344444444,F,0.953730273,0,0,0,0,0,0,0,0,8
316,50.0877777778,12.1344444444,F,0.95341394,0,0,0,0,0,0,0,0,29
317,50.1563888889,12.4513888889,M,0.17357513,0,0,0,0,0,0,0,0,0
318,50.1188888889,12.4019444444,F,0.216927454,0,0,0,0,0,0,0,0,177
319,50.1188888889,12.4019444444,M,0.197214076,0,0,0,0,0,0,0,0,17
320,50.0877777778,12.1344444444,F,0.945839311,0,0,0,0,0,0,0,0,7
321,50.0877777778,12.1344444444,F,0.947595118,0,1,0,0,0,0,0,0,2
322,50.0877777778,12.1344444444,M,0.941975762,0,0,0,0,0,0,0,0,11
323,50.1186111111,11.9166666667,F,0.978708304,0,1,0,0,0,0,0,0,62
324,50.1186111111,11.9166666667,F,0.979985704,0,1,0,0,0,0,0,0,71
325,50.1186111111,11.9166666667,F,0.975903614,0,0,0,0,0,0,0,0,24
326,50.095,12.4733333333,F,0.2675,0,0,2,0,0,0,3,0,0
327,50.095,12.4733333333,M,0.277492669,0,0,0,0,0,0,0,0,25
328,50.095,12.4733333333,F,0.274425287,0,0,1,0,0,0,0,0,19
329,50.095,12.4733333333,M,0.259313906,0,0,0,0,0,1,0,0,100
330,50.095,12.4733333333,M,0.25323475,0,0,0,0,0,0,0,0,74
331,50.095,12.4733333333,F,0.246453901,0,0,4,0,0,5,18,0,4
332,50.095,12.4733333333,M,0.258219431,0,0,0,0,0,5,0,0,20
333,50.095,12.4733333333,M,0.233074362,0,0,0,0,0,0,0,0,11
334,50.095,12.4733333333,F,0.113065327,0,0,0,0,0,2,0,0,0
335,50.095,12.4733333333,M,0.288575668,0,0,0,0,0,0,2,0,3
336,50.095,12.4733333333,M,0.26835536,0,0,0,0,0,1,0,0,6
337,50.095,12.4733333333,F,0.297704448,0,0,1,0,0,11,0,0,256
338,50.1169444444,12.2561111111,M,0.853264857,0,0,2,0,0,0,0,0,18
339,50.1169444444,12.2561111111,M,NA,0,0,0,0,0,0,0,0,0
340,50.1188888889,12.4019444444,M,0.188999631,0,0,0,0,0,0,0,0,7
341,50.1186111111,11.9166666667,F,0.979642857,0,2,0,0,0,0,0,0,17
342,50.1186111111,11.9166666667,F,0.974212034,0,0,0,0,0,1,8,0,44
343,50.1569444444,12.1033333333,F,0.958007117,0,0,0,0,0,4,0,13,0
344,50.1569444444,12.1033333333,M,0.957855823,0,0,0,0,0,0,8,2,3
345,50.1569444444,12.1033333333,F,0.957416608,0,0,0,0,0,0,0,16,0
346,50.1569444444,12.1033333333,F,0.958214286,0,0,0,0,0,0,33,38,0
347,50.1569444444,12.1033333333,F,0.961373391,0,0,0,0,0,24,100,2,0
348,50.1569444444,12.1033333333,M,0.957918051,0,0,0,0,0,0,20,0,0
349,50.1122222222,12.7913888889,M,0.031524927,0,0,0,0,0,0,0,0,0
350,50.1186111111,11.9166666667,M,0.979697305,0,1,0,0,0,0,2,0,2
351,50.13,12.6186111111,M,0.124212088,0,0,0,0,0,0,0,0,0
352,50.13,12.6186111111,F,0.118168914,0,0,0,0,0,0,0,0,0
353,50.13,12.6186111111,F,0.139827462,0,0,0,0,0,0,0,0,0
354,50.1019444444,12.6197222222,M,0.181146026,0,0,0,0,0,0,0,0,1
355,50.1019444444,12.6197222222,F,NA,0,0,0,0,0,0,0,0,0
356,50.095,12.4733333333,M,0.253229974,0,0,0,0,0,0,2,0,21
357,50.095,12.4733333333,F,0.257337151,0,0,1,0,0,0,0,0,0
358,50.095,12.4733333333,F,0.266619014,0,0,0,0,0,0,0,0,0
359,50.095,12.4733333333,F,0.258076095,0,0,0,0,0,0,0,0,0
360,50.095,12.4733333333,F,0.277060932,0,0,0,0,0,0,0,0,4
361,50.095,12.4733333333,F,0.276504298,0,0,0,0,0,0,0,0,5
362,50.095,12.4733333333,F,NA,0,0,0,0,0,0,0,0,4
363,50.095,12.4733333333,F,0.279527559,0,0,0,0,0,0,0,0,5
364,50.095,12.4733333333,M,0.257743363,0,0,1,0,0,1,0,0,0
365,50.095,12.4733333333,M,0.226617375,0,0,6,0,0,3,0,0,151
366,50.095,12.4733333333,F,0.26329023,0,0,0,0,0,0,10,0,0
367,50.0872222222,12.1052777778,M,0.951553254,0,0,1,0,0,0,0,0,280
368,50.0872222222,12.1052777778,M,0.954545455,0,1,0,0,0,0,0,0,128
369,50.1188888889,12.3038888889,F,0.815544413,0,0,0,0,0,0,0,0,0
370,50.1019444444,12.6197222222,M,0.158847433,0,0,0,0,0,0,0,0,0
371,50.1144444444,12.4702777778,M,0.27632065,0,0,0,0,0,0,0,0,0
372,50.1313888889,12.8172222222,M,0.037756598,0,0,0,0,0,0,0,0,196
373,50.1569444444,12.1033333333,F,0.963094393,0,0,0,0,0,0,10,NA,4
374,50.1569444444,12.1033333333,M,0.965669989,0,0,0,0,0,0,100,13,0
375,50.1144444444,12.4702777778,M,0.199118295,0,0,0,0,0,0,0,0,0
376,50.1144444444,12.4702777778,M,0.179678745,0,0,0,0,0,0,0,0,0
377,50.1144444444,12.4702777778,M,0.170150348,0,0,0,0,0,0,0,0,0
378,50.1019444444,12.2127777778,M,0.88409007,0,1,0,0,0,0,0,0,303
379,50.0597222222,12.4205555556,M,0.428940568,0,0,0,0,0,0,0,0,63
380,50.1144444444,12.4702777778,F,0.175035868,0,0,0,0,0,0,0,0,0
381,50.1188888889,12.3038888889,M,0.810690423,0,0,0,0,0,0,0,0,8
382,50.1188888889,12.3038888889,F,0.793950178,0,0,0,0,0,0,0,0,10
383,50.0877777778,12.1344444444,M,0.952380952,0,1,0,0,0,0,0,0,0
384,50.1169444444,12.2561111111,M,0.865462588,0,0,0,0,0,0,0,0,1
385,50.1169444444,12.2561111111,F,0.860142349,0,0,0,0,0,0,0,0,0
386,50.1188888889,12.4019444444,F,0.222222222,0,0,0,0,0,0,0,0,12
387,50.1019444444,12.2127777778,M,0.888684791,0,0,0,0,0,0,0,0,0
388,50.1144444444,12.4702777778,F,0.163916786,0,0,0,0,0,0,0,0,0
389,50.1144444444,12.4702777778,F,0.228276353,0,0,0,0,0,0,0,0,4
390,50.13,12.6186111111,F,0.146410803,0,0,0,0,0,0,0,0,2
391,50.13,12.6186111111,M,0.123014407,0,0,0,0,0,0,0,0,0
392,50.13,12.6186111111,M,0.128571429,0,0,0,0,0,0,0,0,1
393,50.1569444444,12.1033333333,F,0.960385439,0,0,0,0,0,1,11,8,0
394,50.1569444444,12.1033333333,M,0.955039341,0,0,0,0,0,2,69,13,0
395,50.1569444444,12.1033333333,F,0.95681656,0,0,0,0,0,9,0,10,0
396,50.1569444444,12.1033333333,M,0.957980096,0,0,0,0,0,0,0,33,0
397,50.0877777778,12.1344444444,F,0.949820789,0,0,0,0,0,0,0,0,0
398,50.0877777778,12.1344444444,F,0.947782546,0,0,0,0,0,0,0,0,0
399,50.0877777778,12.1344444444,M,0.951606945,0,0,0,0,0,0,0,0,0
400,50.0877777778,12.1344444444,M,0.952380952,0,0,0,0,0,0,0,0,12
401,50.0597222222,12.4205555556,M,0.474519941,0,0,0,0,0,0,0,1,50
402,50.1186111111,11.9166666667,F,0.979971388,0,0,0,0,0,0,0,0,56
403,50.1186111111,11.9166666667,F,0.9793005,0,1,0,0,0,0,1,0,76
404,50.1186111111,11.9166666667,F,0.974606581,0,0,0,0,0,0,89,0,NA
405,50.1186111111,11.9166666667,F,0.974624732,0,0,0,0,0,0,0,0,0
406,50.1144444444,12.4702777778,M,0.175929334,0,0,0,0,0,0,0,0,0
407,50.1019444444,12.2127777778,M,0.900850906,0,0,0,0,0,0,0,0,21
408,50.1169444444,12.2561111111,M,0.862005179,0,0,0,0,0,0,0,0,149
409,50.1169444444,12.2561111111,M,0.857037311,0,0,0,0,0,0,0,0,2
410,50.1191666667,12.5041666667,F,0.126428571,0,0,0,0,0,0,65,0,28
411,50.1419444444,13.1763888889,F,0.031093638,0,0,0,0,0,0,0,0,100
412,50.1419444444,13.1763888889,M,0.02285293,0,0,0,0,0,0,0,0,220
413,50.1211111111,12.5163888889,M,0.191473723,0,0,0,0,0,0,0,0,2
414,50.0597222222,12.4205555556,F,0.398426323,0,0,0,0,0,0,0,0,16
415,50.0597222222,12.4205555556,M,0.46037037,0,0,0,0,0,0,0,1,7
416,50.1363888889,12.5847222222,M,NA,0,0,0,0,0,0,0,0,0
417,50.1186111111,11.9166666667,F,0.976652299,0,0,0,0,0,0,0,0,103
418,50.1186111111,11.9166666667,F,0.97639485,0,0,0,0,0,0,3,0,8
419,50.1186111111,11.9166666667,F,0.976428571,0,0,0,0,0,0,1,0,13
420,50.0877777778,12.1344444444,F,0.947991392,0,1,0,0,0,0,3,0,13
421,50.1186111111,11.9166666667,F,0.977872948,0,1,1,0,0,0,0,0,45
422,50.0877777778,12.1344444444,F,0.949928469,0,2,0,0,0,0,0,0,23
423,50.0877777778,12.1344444444,M,0.950904393,0,0,0,0,0,0,0,0,0
424,50.0133333333,12.2577777778,M,0.924611973,0,1,0,0,0,2,0,0,4
425,50.0133333333,12.2577777778,F,0.927546628,0,1,31,0,0,20,0,0,0
426,50.0133333333,12.2577777778,F,0.926671459,0,0,8,0,0,0,0,0,86
427,50.0133333333,12.2577777778,F,0.924318508,0,0,13,0,0,2,0,0,0
428,50.1211111111,12.5283333333,M,0.147178163,0,0,0,0,0,0,0,0,0
429,50.0597222222,12.4205555556,F,0.354121864,0,0,1,0,0,0,0,0,27
430,50.0133333333,12.2577777778,F,0.914173789,0,0,0,0,0,0,0,0,26
431,50.0133333333,12.2577777778,M,0.926775148,0,0,0,0,0,0,8,0,7
432,50.0133333333,12.2577777778,F,0.916068867,0,0,0,0,0,0,0,0,5
433,50.0133333333,12.2577777778,M,0.900295421,0,1,0,0,0,0,0,0,81
434,50.1569444444,12.1033333333,M,0.954646018,0,0,0,0,0,0,26,4,0
435,50.1569444444,12.1033333333,F,0.962357955,0,0,0,0,0,0,1,13,0
436,50.0347222222,12.2830555556,F,0.891630901,0,0,0,0,0,0,200,0,0
437,50.0347222222,12.2830555556,M,0.883290107,0,0,0,0,0,0,0,0,18
438,50.0347222222,12.2830555556,M,0.878473509,0,0,0,0,0,0,0,0,0
439,50.1019444444,12.2127777778,F,0.900787966,0,0,0,0,0,3,1,0,146
440,50.1019444444,12.2127777778,F,0.901362984,0,0,0,0,0,0,0,0,39
441,50.1019444444,12.2127777778,F,0.915060671,0,0,0,0,0,0,3,0,9
442,50.1211111111,12.5283333333,M,0.13242346,0,0,0,0,0,0,0,0,0
443,50.1211111111,12.5283333333,M,0.152380952,0,0,0,0,0,0,0,0,0
444,50.1188888889,12.3038888889,M,0.791281862,0,0,0,0,0,0,0,0,42
445,50.1188888889,12.3038888889,M,0.799261993,0,0,0,0,0,0,0,0,0
446,50.0744444444,12.9238888889,M,0.032853451,0,0,3,0,0,0,1,0,87
447,50.1516666667,12.5319444444,F,0.209169054,0,0,0,0,0,0,0,0,23
448,50.1144444444,12.4702777778,M,0.153306243,0,0,0,0,0,0,0,0,0
449,50.0877777778,12.1344444444,F,0.951324266,0,0,0,0,0,0,0,0,0
450,49.9913888889,12.2330555556,F,0.914336918,0,0,0,0,0,0,0,0,0
451,50.1186111111,11.9166666667,F,0.974248927,0,1,1,0,0,0,0,0,52
452,50.1186111111,11.9166666667,F,0.977467811,0,0,0,0,0,0,0,0,76
453,50.1186111111,11.9166666667,F,0.977857143,0,0,0,0,0,0,0,0,36
454,50.1186111111,11.9166666667,F,0.974624732,0,0,4,0,0,0,0,0,68
455,50.1516666667,12.5319444444,F,0.231873654,0,0,0,0,0,0,0,0,5
456,50.1516666667,12.5319444444,M,0.20688379,0,0,0,0,0,0,0,0,5
457,50.1516666667,12.5319444444,F,0.232702112,0,0,0,0,0,0,0,0,156
458,50.1516666667,12.5319444444,M,0.198888889,0,0,0,0,0,0,0,0,49
459,50.1516666667,12.5319444444,M,0.205904059,0,0,0,0,0,0,0,0,24
460,50.1516666667,12.5319444444,M,0.190757856,0,0,0,0,0,0,0,0,12
461,50.1516666667,12.5319444444,F,0.231962482,0,0,0,0,0,0,0,0,86
462,50.1516666667,12.5319444444,M,0.216475803,0,0,0,0,0,0,0,0,0
463,50.1516666667,12.5319444444,F,0.230769231,0,0,0,0,0,0,0,0,5
464,50.1486111111,13.1733333333,F,0.029327611,0,0,0,0,0,0,0,0,106
465,50.1486111111,13.1733333333,F,0.027559055,0,0,0,0,0,0,0,0,1
466,50.1486111111,13.1733333333,M,0.030616009,0,0,0,0,0,0,0,0,12
467,50.1472222222,13.1825,F,0.028969957,0,0,0,0,0,0,0,0,5
468,50.1472222222,13.1825,F,0.027857143,0,0,0,0,0,0,0,0,153
469,50.1169444444,12.2561111111,M,0.862310816,0,0,0,0,0,0,0,0,0
470,50.1169444444,12.2561111111,M,0.848138592,0,0,0,0,0,0,0,0,8
471,50.1169444444,12.2561111111,M,0.859311366,0,0,0,0,0,0,0,0,25
472,50.1169444444,12.2561111111,M,0.846950092,0,0,0,0,0,0,0,0,77
473,50.1144444444,12.4702777778,F,0.157214645,0,0,0,0,0,0,0,0,2
474,50.1144444444,12.4702777778,F,0.185304659,0,0,0,0,0,0,0,0,26
475,50.1144444444,12.4702777778,M,NA,0,0,0,0,0,0,0,0,1
476,50.1144444444,12.4702777778,F,0.167852063,0,0,0,0,0,0,0,0,0
477,50.1144444444,12.4702777778,F,0.171326165,0,0,0,0,0,0,0,0,0
478,50.1144444444,12.4702777778,F,0.155197133,0,0,0,0,0,0,0,0,0
479,50.1144444444,12.4702777778,F,0.165365507,0,0,0,0,0,0,0,0,4
480,50.1144444444,12.4702777778,F,0.165470208,0,0,0,0,0,0,0,0,4
481,50.1144444444,12.4702777778,M,0.162782094,0,0,0,0,0,0,0,0,1
482,50.1144444444,12.4702777778,M,0.170252226,0,0,0,0,0,0,0,0,0
483,50.1475,13.1819444444,F,0.025843503,0,0,0,0,0,0,0,0,92
484,50.1188888889,12.3038888889,F,0.790438533,0,0,0,0,0,0,0,0,9
485,50.1169444444,12.2561111111,F,0.86797153,0,0,0,0,0,0,0,0,0
486,50.1169444444,12.2561111111,F,0.853361946,0,0,0,0,0,0,0,0,103
487,50.1169444444,12.2561111111,M,0.849223947,0,0,0,0,0,0,0,0,16
488,50.1419444444,13.1763888889,F,0.026485326,0,0,0,0,0,0,0,0,191
489,50.1419444444,13.1763888889,F,0.030714286,0,0,0,0,0,0,0,0,112
490,50.1472222222,13.1825,F,0.029306648,0,0,0,0,0,0,0,0,2
491,50.1486111111,13.1733333333,F,0.033643522,0,0,0,0,0,0,0,0,2
492,50.1475,13.1819444444,F,0.026071429,0,0,0,0,0,0,0,0,25
493,50.1191666667,12.4011111111,M,0.179874677,0,0,0,0,0,0,0,0,4
494,50.1191666667,12.4011111111,F,0.208542714,0,0,0,0,0,0,0,0,4
495,50.1472222222,13.1825,F,0.029642857,0,0,0,0,0,0,0,0,0
496,50.1472222222,13.1825,M,0.029878274,0,0,0,0,0,0,0,0,46
497,50.1191666667,12.5041666667,F,0.136005727,0,0,0,0,0,0,0,0,6
498,50.1191666667,12.5041666667,F,0.136913229,0,0,0,0,0,0,0,0,4
499,50.0597222222,12.4205555556,F,0.450502152,0,0,0,0,0,0,0,0,17
500,50.0597222222,12.4205555556,M,0.402674591,0,0,11,0,0,0,0,0,19
501,50.1191666667,12.5041666667,M,0.141224189,0,0,0,0,0,0,1,0,29
502,50.1191666667,12.5041666667,M,0.207917129,0,0,0,0,0,0,1,0,85
503,50.1211111111,12.5283333333,F,0.128766141,0,0,0,0,0,0,0,0,0
504,50.1569444444,12.1033333333,M,0.95980826,0,0,0,0,0,0,100,84,0
505,50.1569444444,12.1033333333,F,0.96277738,0,0,0,0,0,0,14,13,0
506,50.1569444444,12.1033333333,F,0.964516129,0,0,0,0,0,0,140,24,0
507,50.0133333333,12.2577777778,F,0.925952552,0,0,0,0,0,0,2,0,0
508,50.0133333333,12.2577777778,F,0.920430108,0,0,0,0,0,0,0,0,43
509,50.0133333333,12.2577777778,M,0.92145239,0,0,0,0,0,0,0,0,6
510,50.0133333333,12.2577777778,F,0.916906475,0,1,0,0,0,0,0,0,29
511,50.0133333333,12.2577777778,M,0.931952663,0,1,0,0,0,3,3,0,35
512,50.0133333333,12.2577777778,M,0.917655786,0,0,0,0,0,0,7,0,4
513,50.0133333333,12.2577777778,M,0.921169504,0,2,0,0,0,0,0,0,6
514,49.9913888889,12.2330555556,F,0.917085427,0,2,0,0,0,0,0,0,1
515,49.9913888889,12.2330555556,F,0.918637993,0,3,0,0,0,0,0,0,0
516,49.9913888889,12.2330555556,M,0.909326425,0,2,0,0,0,0,1,0,0
517,49.9913888889,12.2330555556,F,0.917503587,0,0,0,0,0,0,2,0,6
518,50.1188888889,12.4019444444,F,0.310665712,0,0,0,0,0,0,0,0,0
519,50.1188888889,12.4019444444,M,0.335925926,0,0,0,0,0,0,0,0,8
520,50.1188888889,12.4019444444,F,0.274587222,0,0,0,0,0,0,0,0,0
521,50.1419444444,13.1763888889,M,0.032067822,0,0,0,0,0,0,0,0,84
522,50.1419444444,13.1763888889,F,0.02661462,0,0,0,0,0,0,0,0,672
523,50.0919444444,12.9422222222,M,0.02663707,0,0,0,0,0,0,0,0,0
524,50.0744444444,12.9238888889,M,0.030593439,0,0,0,0,0,0,35,0,1
525,50.0744444444,12.9238888889,F,0.027201145,0,1,0,0,0,0,0,0,57
526,50.0744444444,12.9238888889,M,0.037255625,0,0,3,0,0,0,4,0,162
527,50.0919444444,12.9422222222,M,0.02883549,0,0,0,0,0,0,36,0,112
528,50.0919444444,12.9422222222,M,0.032115172,0,0,0,0,0,0,41,0,2
529,50.0919444444,12.9422222222,M,0.029162052,0,0,0,0,0,0,19,0,11
530,50.0919444444,12.9422222222,M,0.028013269,0,0,0,0,0,0,58,0,0
531,50.0919444444,12.9422222222,M,0.032648569,0,0,0,0,0,0,100,0,0
532,50.0919444444,12.9422222222,M,0.031353744,0,0,0,0,0,0,25,0,7
533,50.1813888889,11.7622222222,F,0.9817466,0,1,0,0,0,0,28,0,0
534,50.1188888889,12.3038888889,M,0.775600739,0,0,0,0,0,0,0,0,0
535,50.0347222222,12.2830555556,F,0.880661395,0,4,0,0,0,2,0,0,56
536,50.0347222222,12.2830555556,M,0.888558692,0,2,0,0,0,0,0,0,15
537,50.0347222222,12.2830555556,F,0.875089477,0,0,0,0,0,0,4,0,53
538,50.0347222222,12.2830555556,M,0.882026627,0,1,0,0,0,0,0,0,0
539,50.0347222222,12.2830555556,M,0.879023307,0,0,0,0,0,0,0,0,61
540,50.1191666667,12.4011111111,F,0.216235632,0,0,0,0,0,0,0,0,4
541,50.1191666667,12.4011111111,F,0.218304843,0,0,0,1,0,0,0,0,0
542,50.1191666667,12.4011111111,M,0.182895224,0,0,0,0,0,0,0,0,6
543,50.1191666667,12.4011111111,M,NA,0,0,0,0,0,0,0,0,1
544,50.1191666667,12.4011111111,F,0.408698778,0,0,0,0,0,0,0,0,11
545,50.1486111111,13.1733333333,M,0.030247141,0,0,0,0,0,0,0,0,1
546,50.1486111111,13.1733333333,M,0.029509406,0,0,0,0,0,0,0,0,2
547,50.1486111111,13.1733333333,F,0.030780243,0,0,0,0,0,0,0,0,5
548,50.1486111111,13.1733333333,F,0.027162259,0,0,0,0,0,0,0,0,4
549,50.1486111111,13.1733333333,M,0.032805013,0,0,0,0,0,0,0,0,0
550,50.1486111111,13.1733333333,M,0.035016587,0,0,0,1,0,0,0,0,4
551,50.1019444444,12.2127777778,M,0.897303288,0,0,0,0,0,0,0,0,112
552,50.1019444444,12.2127777778,F,0.895922747,0,0,0,0,0,0,0,0,79
553,50.1019444444,12.2127777778,F,0.902508961,0,0,0,0,0,9,23,0,85
554,50.1019444444,12.2127777778,M,0.900036887,0,0,0,0,0,0,0,0,23
555,50.1019444444,12.2127777778,M,0.900554529,0,0,0,0,0,0,0,0,38
556,50.1813888889,11.7622222222,M,0.979719764,0,1,0,0,0,0,2,0,55
557,49.9880555556,12.4083333333,M,0.818618397,0,0,0,0,0,0,0,0,5
558,49.9880555556,12.4083333333,M,0.812038405,0,0,0,0,0,0,2,0,1
559,50.1655555556,12.5719444444,F,0.053698435,0,0,0,0,0,0,0,0,2
560,50.0744444444,12.9238888889,M,0.024542125,0,0,2,0,0,0,0,0,0
561,50.0744444444,12.9238888889,M,0.026759531,0,0,0,0,0,0,0,0,436
562,50.1486111111,13.1733333333,F,0.028449502,0,0,0,0,0,0,0,0,0
563,50.2216666667,13.3741666667,F,0.028093883,0,0,0,0,0,0,0,0,5
564,50.2216666667,13.3741666667,M,0.027086384,0,0,0,0,0,0,0,0,98
565,50.2216666667,13.3741666667,F,0.02771855,0,0,0,0,0,0,0,0,0
566,50.2216666667,13.3741666667,M,0.025603511,0,0,0,0,0,0,0,0,9
567,50.2216666667,13.3741666667,M,0.029648609,0,0,0,0,0,0,0,0,0
568,50.1169444444,12.0413888889,M,0.962104489,0,1,7,0,0,0,1,0,0
569,50.1019444444,12.2127777778,M,0.891129032,0,0,0,0,0,0,3,0,688
570,50.1186111111,11.9166666667,F,0.980837473,0,0,0,0,0,0,0,0,27
571,50.1186111111,11.9166666667,F,0.974840539,0,0,0,0,0,0,9,0,15
572,50.1186111111,11.9166666667,F,0.976241135,0,2,0,0,0,0,18,0,31
573,50.1186111111,11.9166666667,F,0.976224273,0,0,0,0,0,0,2,0,0
574,50.1186111111,11.9166666667,F,0.980113636,0,1,0,0,0,0,0,0,19
575,50.1813888889,11.7622222222,F,0.97938877,0,1,0,0,0,0,2,0,15
576,50.1019444444,12.2127777778,F,0.903340441,0,0,0,0,0,2,0,0,205
577,50.1019444444,12.2127777778,F,0.89978678,0,0,0,0,0,0,0,0,4
578,50.1019444444,12.2127777778,M,0.910294118,0,0,0,0,0,0,0,0,8
579,50.1019444444,12.2127777778,F,0.894381223,0,0,0,0,0,0,0,0,19
580,50.1019444444,12.2127777778,M,0.906089508,0,0,0,0,0,0,0,0,8
581,50.0919444444,12.9422222222,F,0.025604552,0,0,0,0,0,0,12,0,47
582,50.0919444444,12.9422222222,M,0.025697504,0,0,0,0,0,0,22,0,17
583,50.2216666667,13.3741666667,M,0.022710623,0,0,0,0,0,0,0,0,0
584,50.1169444444,12.0413888889,M,0.967057101,0,0,0,0,0,1,0,0,1
585,50.1169444444,12.0413888889,M,0.965137615,0,0,2,0,0,6,0,0,186
586,50.1186111111,11.9166666667,F,0.976950355,0,1,0,0,0,0,1,0,76
587,50.1186111111,11.9166666667,M,0.977663859,0,0,0,0,0,0,0,0,31
588,50.1186111111,11.9166666667,M,0.978770132,0,0,0,0,0,1,5,0,0
589,50.0919444444,12.9422222222,M,0.030447542,0,0,0,0,0,0,11,0,7
590,50.0919444444,12.9422222222,F,0.027382646,0,0,0,0,0,0,0,0,71
591,50.0919444444,12.9427777778,F,0.028034067,0,0,0,0,0,0,21,0,351
592,50.0919444444,12.9427777778,M,0.029282577,0,0,0,0,0,0,1,0,18
593,50.1813888889,11.7622222222,F,0.981507824,0,1,0,0,0,0,0,0,4
594,50.1813888889,11.7622222222,F,0.979715302,0,1,0,0,0,0,0,0,3
595,50.1813888889,11.7622222222,F,0.981218994,0,1,0,0,0,0,0,0,65
596,50.1186111111,11.9166666667,F,0.971194879,0,1,0,0,0,0,4,0,37
597,50.1186111111,11.9166666667,F,0.980482612,0,0,0,0,0,0,0,0,11
598,50.2216666667,13.3741666667,M,0.028905964,0,0,0,0,0,0,0,0,11
599,50.2216666667,13.3741666667,F,0.027382646,0,0,0,0,0,0,0,0,99
600,50.2216666667,13.3741666667,F,0.026297086,0,0,0,0,0,0,0,0,4
601,50.2216666667,13.3741666667,F,0.024147727,0,0,0,0,0,0,0,0,0
602,50.0919444444,12.9422222222,M,0.027492669,0,0,0,0,0,0,74,0,0
603,50.0919444444,12.9422222222,F,0.02594172,0,0,0,0,0,0,2,0,1
604,50.0919444444,12.9422222222,M,0.03040293,0,0,0,0,0,0,10,0,281
605,50.0919444444,12.9422222222,M,0.028916545,0,0,0,0,0,0,26,0,363
606,50.0691666667,13.3841666667,F,0.030938834,0,2,3,0,0,0,0,0,58
607,50.1144444444,12.4702777778,F,0.148148148,0,0,0,0,0,0,0,0,0
608,50.1169444444,12.0413888889,F,0.966312057,0,0,4,0,0,0,0,0,0
609,50.1486111111,13.1733333333,M,0.028937729,0,0,0,0,0,0,0,0,182
610,50.1169444444,12.0413888889,M,0.961157933,0,0,0,0,0,0,0,0,29
611,50.0133333333,12.2577777778,F,0.936162625,0,0,15,0,0,12,0,0,0
612,50.1813888889,11.7622222222,F,0.982587065,0,1,9,0,0,2,13,0,14
613,50.1813888889,11.7622222222,M,0.982057854,0,1,0,0,0,0,0,0,17
614,50.1144444444,12.4702777778,F,0.160739687,0,0,0,0,0,0,0,0,0
615,50.045,13.3722222222,M,0.02962692,0,0,0,0,0,0,0,0,1
616,50.0422222222,13.3863888889,F,0.034421576,0,0,0,0,0,0,0,0,20
617,50.0422222222,13.3863888889,M,0.029616088,0,0,0,0,0,0,0,0,111
618,50.0422222222,13.3863888889,F,0.029432624,0,0,0,0,0,0,0,0,153
619,50.2216666667,13.3741666667,F,0.023098792,0,0,0,0,0,0,0,0,66
620,50.1169444444,12.2561111111,F,0.878196023,0,0,0,1,0,0,0,0,0
621,50.2216666667,13.3741666667,M,0.024166972,0,0,0,0,0,3,0,0,0
622,50.1169444444,12.2561111111,F,0.870738636,2,0,0,0,0,0,0,0,0
623,50.1169444444,12.2561111111,F,0.857599432,0,0,0,0,0,0,0,0,0
624,50.1044444444,12.4841666667,M,0.203147877,0,0,0,0,0,0,0,0,0
625,50.0422222222,13.3863888889,F,0.029766123,0,0,0,0,0,0,0,0,3
626,50.0422222222,13.3863888889,M,0.025246981,0,0,0,0,0,0,0,0,37
627,50.0422222222,13.3863888889,M,0.030003659,0,0,0,0,0,0,0,0,136
628,50.2216666667,13.3741666667,F,0.029140014,0,0,0,0,0,0,1,0,2
629,50.2216666667,13.3741666667,M,0.024871982,0,0,0,0,0,0,0,0,347
630,50.2216666667,13.3741666667,M,0.02818448,0,0,0,0,0,0,3,0,0
631,50.2216666667,13.3741666667,F,0.032693674,0,0,0,0,0,0,0,0,42
632,50.0783333333,11.9233333333,F,0.970483642,0,0,0,0,0,0,10,0,0
633,50.0783333333,11.9233333333,F,0.970149254,0,0,0,0,0,2,3,0,0
634,50.1813888889,11.7622222222,F,0.979418027,0,2,7,0,0,18,0,0,1
635,50.0836111111,12.0986111111,M,0.945827233,0,0,0,0,0,0,0,0,12
636,50.0836111111,12.0986111111,M,0.951282051,0,0,0,0,0,0,0,0,19
637,50.0836111111,12.0986111111,M,0.942836204,0,0,0,0,0,0,0,0,23
638,50.0963888889,12.4713888889,M,0.24184683,0,0,0,0,0,0,0,0,0
639,50.1169444444,12.2561111111,M,0.86133529,0,0,0,0,0,0,0,0,0
640,50.1169444444,12.2561111111,F,0.859174964,0,0,0,0,0,0,0,0,0
641,50.1169444444,12.2561111111,M,0.85761347,0,0,0,0,0,0,0,0,2
642,50.1813888889,11.7622222222,F,0.980440967,0,1,0,0,0,0,9,0,15
643,50.1813888889,11.7622222222,M,0.974349579,0,2,11,0,0,8,14,0,0
644,50.1169444444,12.0413888889,M,0.963030747,0,0,0,0,0,0,0,0,23
645,50.2588888889,13.3530555556,M,0.017222426,0,0,0,0,0,0,0,0,2
646,50.2588888889,13.3530555556,F,0.019670959,0,0,0,0,0,0,0,0,11
647,50.2216666667,13.3741666667,M,0.029325513,2,0,0,0,0,0,0,0,14
648,50.1147222222,12.4911111111,M,0.147794118,0,0,0,0,0,0,0,0,0
649,50.0880555556,12.1286111111,F,0.947125621,0,0,2,0,0,12,0,0,15
650,50.0836111111,12.0986111111,F,0.948190206,0,0,0,0,0,0,0,0,13
651,50.0836111111,12.0986111111,M,0.945321101,0,0,0,0,0,15,0,0,43
652,50.1813888889,11.7622222222,M,0.979831316,0,1,0,0,0,0,0,0,7
653,50.1813888889,11.7622222222,F,0.981507824,0,0,10,0,0,0,0,0,0
654,50.1813888889,11.7622222222,M,0.981284404,0,1,0,0,0,0,1,0,0
655,50.1186111111,11.9166666667,M,0.97469747,0,0,0,0,0,0,5,0,147
656,50.1188888889,12.3038888889,M,0.788023512,0,0,0,0,0,0,0,0,12
657,50.1947222222,11.4375,F,0.987571023,0,0,0,0,0,0,15,0,0
658,50.1947222222,11.4375,M,0.983876878,0,0,0,0,0,0,0,0,0
659,50.1947222222,11.4375,F,0.985805536,0,0,0,0,0,12,13,0,0
660,50.1947222222,11.4375,F,0.987224982,0,0,0,0,0,0,5,0,2
661,50.1813888889,11.7622222222,M,0.978005865,0,0,0,0,0,1,12,0,0
662,50.1777777778,13.2927777778,F,0.025904897,0,0,0,0,0,0,10,0,369
663,50.1777777778,13.2927777778,F,0.026259759,0,0,0,0,0,0,0,0,80
664,50.1777777778,13.2927777778,F,0.026561378,0,0,0,0,0,0,2,0,11
665,50.1516666667,12.5319444444,F,0.239346591,0,0,0,0,0,0,0,0,41
666,50.1516666667,12.5319444444,M,0.221611722,0,0,0,0,0,0,0,0,13
667,50.1516666667,12.5319444444,M,0.222059362,0,0,0,0,0,0,0,0,28
668,50.0836111111,12.0986111111,F,0.948681397,0,0,0,0,0,0,0,0,11
669,50.0963888889,12.4713888889,M,0.22201902,0,0,0,0,0,0,1,0,0
670,50.1516666667,12.5319444444,F,0.231343284,0,0,0,0,0,0,0,0,1
671,50.1516666667,12.5319444444,F,0.210582386,0,0,0,0,0,0,0,0,5
672,50.1516666667,12.5319444444,M,0.204320762,0,0,0,0,0,0,0,0,6
673,50.1516666667,12.5319444444,F,0.215248227,0,0,0,0,0,0,0,0,16
674,50.1186111111,11.9166666667,F,0.978338068,0,0,0,0,0,0,0,0,67
675,50.1186111111,11.9166666667,F,0.979418027,0,1,0,0,0,0,1,0,25
676,50.0836111111,12.0986111111,F,0.94787234,0,0,0,0,0,0,0,0,0
677,50.0836111111,12.0986111111,F,0.943812233,0,0,0,0,0,0,0,0,95
678,50.1947222222,11.4375,F,0.985795455,0,0,0,0,0,0,12,0,0
679,50.1947222222,11.4375,F,0.985450674,0,0,0,0,0,0,0,2,40
680,50.1419444444,13.1763888889,F,0.02661462,0,0,0,0,0,0,0,0,3
681,50.1419444444,13.1763888889,M,0.027624309,0,0,0,0,0,0,0,0,108
682,50.1419444444,13.1763888889,F,0.025886525,0,0,0,0,0,0,0,0,211
683,50.1411111111,12.3005555556,F,0.740227434,0,0,0,0,0,0,0,0,2
684,50.1411111111,12.3005555556,F,0.649359886,0,0,0,0,0,0,0,0,6
685,50.1411111111,12.3005555556,M,0.696323529,0,0,0,0,0,0,0,0,0
686,50.1516666667,12.5319444444,M,0.228089476,0,0,0,0,0,0,0,0,43
687,50.1411111111,12.3005555556,M,0.638133725,0,0,0,0,0,0,0,0,26
688,50.1411111111,12.3005555556,F,0.668918919,0,0,0,0,0,0,0,0,21
689,50.1491666667,12.5066666667,M,0.110826628,0,0,0,0,0,0,0,0,3
